{"inheritsFrom":"1.19.2","releaseTime":"2022-12-23T15:22:11+0000","mainClass":"net.fabricmc.loader.impl.launch.knot.KnotClient","libraries":[{"name":"net.fabricmc:tiny-mappings-parser:0.3.0+build.17","url":"https://maven.fabricmc.net/"},{"name":"net.fabricmc:sponge-mixin:0.11.4+mixin.0.8.5","url":"https://maven.fabricmc.net/"},{"name":"net.fabricmc:tiny-remapper:0.8.2","url":"https://maven.fabricmc.net/"},{"name":"net.fabricmc:access-widener:2.1.0","url":"https://maven.fabricmc.net/"},{"name":"org.ow2.asm:asm:9.4","url":"https://maven.fabricmc.net/"},{"name":"org.ow2.asm:asm-analysis:9.4","url":"https://maven.fabricmc.net/"},{"name":"org.ow2.asm:asm-commons:9.4","url":"https://maven.fabricmc.net/"},{"name":"org.ow2.asm:asm-tree:9.4","url":"https://maven.fabricmc.net/"},{"name":"org.ow2.asm:asm-util:9.4","url":"https://maven.fabricmc.net/"},{"name":"net.fabricmc:intermediary:1.19.2","url":"https://maven.fabricmc.net/"},{"name":"net.fabricmc:fabric-loader:0.14.12","url":"https://maven.fabricmc.net/"}],"arguments":{"jvm":["-DFabricMcEmu= net.minecraft.client.main.Main "],"game":[]},"id":"fabric-loader-0.14.12-1.19.2","time":"2022-12-23T15:22:11+0000","type":"release"}