{
	"credit": "Made by DT 2022",
	"textures": {
		"0": "optifine/cit/model/deiffoch/gray",
		"1": "optifine/cit/model/deiffoch/texture",
		"particle": "optifine/cit/model/deiffoch/gray"
	},
	"elements": [
		{
			"from": [12, 1, 12],
			"to": [13, 2, 13],
			"faces": {
				"north": {"uv": [0, 0, 1, 1], "texture": "#missing"},
				"east": {"uv": [0, 0, 1, 1], "texture": "#0"},
				"south": {"uv": [0, 0, 1, 1], "texture": "#0"},
				"west": {"uv": [0, 0, 1, 1], "texture": "#0"},
				"up": {"uv": [0, 0, 1, 1], "texture": "#0"},
				"down": {"uv": [0, 0, 1, 1], "texture": "#0"}
			}
		},
		{
			"from": [3, 1, 12],
			"to": [4, 2, 13],
			"faces": {
				"north": {"uv": [0, 0, 1, 1], "texture": "#missing"},
				"east": {"uv": [0, 0, 1, 1], "texture": "#0"},
				"south": {"uv": [0, 0, 1, 1], "texture": "#0"},
				"west": {"uv": [0, 0, 1, 1], "texture": "#0"},
				"up": {"uv": [0, 0, 1, 1], "texture": "#0"},
				"down": {"uv": [0, 0, 1, 1], "texture": "#0"}
			}
		},
		{
			"from": [3, 0, 11],
			"to": [4, 3, 12],
			"faces": {
				"north": {"uv": [0, 0, 1, 3], "texture": "#0"},
				"east": {"uv": [0, 0, 1, 3], "texture": "#missing"},
				"south": {"uv": [0, 0, 1, 3], "texture": "#0"},
				"west": {"uv": [0, 0, 1, 3], "texture": "#0"},
				"up": {"uv": [0, 0, 1, 1], "texture": "#0"},
				"down": {"uv": [0, 0, 1, 1], "texture": "#0"}
			}
		},
		{
			"from": [12, 0, 11],
			"to": [13, 3, 12],
			"faces": {
				"north": {"uv": [0, 0, 1, 3], "texture": "#0"},
				"east": {"uv": [0, 0, 1, 3], "texture": "#0"},
				"south": {"uv": [0, 0, 1, 3], "texture": "#0"},
				"west": {"uv": [0, 0, 1, 3], "texture": "#missing"},
				"up": {"uv": [0, 0, 1, 1], "texture": "#0"},
				"down": {"uv": [0, 0, 1, 1], "texture": "#0"}
			}
		},
		{
			"from": [4, 0, 11],
			"to": [12, 1, 12],
			"faces": {
				"north": {"uv": [0, 0, 8, 1], "texture": "#0"},
				"east": {"uv": [3, 8, 4, 9], "texture": "#0"},
				"south": {"uv": [0, 1, 8, 2], "texture": "#0"},
				"west": {"uv": [4, 8, 5, 9], "texture": "#0"},
				"up": {"uv": [8, 3, 0, 2], "texture": "#0"},
				"down": {"uv": [8, 3, 0, 4], "texture": "#0"}
			}
		},
		{
			"from": [4, 1, 11],
			"to": [12, 3, 12],
			"faces": {
				"north": {"uv": [0, 0, 8, 2], "texture": "#1"},
				"east": {"uv": [0, 6, 1, 8], "texture": "#1"},
				"south": {"uv": [0, 2, 8, 4], "texture": "#1"},
				"west": {"uv": [1, 6, 2, 8], "texture": "#1"},
				"up": {"uv": [8, 5, 0, 4], "texture": "#1"},
				"down": {"uv": [8, 5, 0, 6], "texture": "#1"}
			}
		}
	],
	"display": {
		"thirdperson_righthand": {
			"translation": [0, 1, -4.25],
			"scale": [0.5, 0.5, 1]
		},
		"thirdperson_lefthand": {
			"translation": [0, 1, -4.25],
			"scale": [0.5, 0.5, 1]
		},
		"firstperson_righthand": {
			"rotation": [9, 0, 0],
			"translation": [-2.25, 7.5, 1.25],
			"scale": [0.5, 0.5, 1]
		},
		"firstperson_lefthand": {
			"rotation": [9, 0, 0],
			"translation": [-2.25, 7.5, 1.25],
			"scale": [0.5, 0.5, 1]
		},
		"ground": {
			"translation": [0, 7.5, 0]
		},
		"gui": {
			"rotation": [25, -44, 0],
			"translation": [3.75, 10.5, 0],
			"scale": [1.5, 1.5, 1.5]
		},
		"head": {
			"translation": [0, 13.25, -10.5],
			"scale": [1.55, 1.55, 1]
		},
		"fixed": {
			"rotation": [76, 0, -180],
			"translation": [0, 5, -9.5]
		}
	},
	"groups": [
		{
			"name": "oprava",
			"origin": [8, 8, 8],
			"color": 0,
			"children": [
				0,
				1,
				2,
				3,
				4,
				{
					"name": "linses",
					"origin": [8, 8, 8],
					"color": 0,
					"children": [5]
				}
			]
		}
	]
}