{
	"credit": "Made by DT 2022",
	"textures": {
		"1": "optifine/cit/model/arzan/black",
		"2": "optifine/cit/model/arzan/white",
		"3": "optifine/cit/model/arzan/red",
		"particle": "optifine/cit/model/arzan/red"
	},
	"elements": [
		{
			"from": [4, 0, 5],
			"to": [12, 2, 13],
			"faces": {
				"north": {"uv": [0, 0, 4, 2.5], "texture": "#3"},
				"east": {"uv": [0, 0, 4, 2.5], "texture": "#3"},
				"south": {"uv": [0, 0, 4, 2.5], "texture": "#3"},
				"west": {"uv": [0, 0, 4, 2.5], "texture": "#3"},
				"up": {"uv": [4, 16, 0, 12], "texture": "#missing"},
				"down": {"uv": [4, 0, 0, 3], "texture": "#3"}
			}
		},
		{
			"from": [7, 5, 12],
			"to": [9, 8, 13],
			"faces": {
				"north": {"uv": [0, 0, 2, 3], "texture": "#3"},
				"east": {"uv": [0, 3, 1, 6], "texture": "#3"},
				"south": {"uv": [2, 0, 4, 3], "texture": "#3"},
				"west": {"uv": [1, 3, 2, 6], "texture": "#3"},
				"up": {"uv": [4, 4, 2, 3], "texture": "#3"},
				"down": {"uv": [6, 0, 4, 1], "texture": "#3"}
			}
		},
		{
			"from": [4, 5, 5],
			"to": [12, 8, 12],
			"faces": {
				"north": {"uv": [0, 0, 4, 1.5], "texture": "#3"},
				"east": {"uv": [0, 0, 3.5, 1.5], "texture": "#3"},
				"south": {"uv": [0, 0, 4, 1.5], "texture": "#missing"},
				"west": {"uv": [0, 0, 3.5, 1.5], "texture": "#3"},
				"up": {"uv": [0, 0, 4, 3.5], "texture": "#3"},
				"down": {"uv": [0, 0, 8, 7], "texture": "#missing"}
			}
		},
		{
			"from": [4, 2, 5],
			"to": [12, 5, 12],
			"faces": {
				"north": {"uv": [0, 0, 4, 1.5], "texture": "#3"},
				"east": {"uv": [0, 0, 3.5, 1.5], "texture": "#3"},
				"south": {"uv": [0, 0, 8, 6.5], "texture": "#missing"},
				"west": {"uv": [0, 0, 3.5, 1.5], "texture": "#3"},
				"up": {"uv": [0, 0, 8, 7], "texture": "#missing"},
				"down": {"uv": [0, 0, 8, 7], "texture": "#missing"}
			}
		},
		{
			"from": [4, 2, 12],
			"to": [6, 5, 13],
			"faces": {
				"north": {"uv": [0, 0, 2, 3], "texture": "#missing"},
				"east": {"uv": [0, 0, 1, 3], "texture": "#missing"},
				"south": {"uv": [0, 0, 1, 1.5], "texture": "#3"},
				"west": {"uv": [0, 0, 0.5, 1.5], "texture": "#3"},
				"up": {"uv": [0, 0, 2, 1], "texture": "#missing"},
				"down": {"uv": [0, 0, 2, 1], "texture": "#missing"}
			}
		},
		{
			"from": [6, 3, 12],
			"to": [12, 5, 13],
			"faces": {
				"north": {"uv": [0, 0, 6, 2], "texture": "#missing"},
				"east": {"uv": [0, 0, 1, 2], "texture": "#3"},
				"south": {"uv": [0, 2, 4, 4], "texture": "#3"},
				"west": {"uv": [6, 0, 7, 2], "texture": "#missing"},
				"up": {"uv": [6, 5, 0, 4], "texture": "#missing"},
				"down": {"uv": [6, 5, 0, 6], "texture": "#missing"}
			}
		},
		{
			"from": [11, 2, 12],
			"to": [12, 3, 13],
			"faces": {
				"north": {"uv": [0, 0, 1, 1], "texture": "#missing"},
				"east": {"uv": [0, 0, 0.5, 0.5], "texture": "#3"},
				"south": {"uv": [0, 0, 0.5, 0.5], "texture": "#3"},
				"west": {"uv": [0, 0, 1, 1], "texture": "#missing"},
				"up": {"uv": [2, 12, 3, 13], "texture": "#missing"},
				"down": {"uv": [5.5, 12.5, 6.5, 13.5], "texture": "#missing"}
			}
		},
		{
			"from": [10, 7, 12],
			"to": [12, 8, 13],
			"faces": {
				"north": {"uv": [0, 0, 2, 1], "texture": "#missing"},
				"east": {"uv": [0, 0, 1, 1], "texture": "#2"},
				"south": {"uv": [0, 0, 2, 1], "texture": "#2"},
				"west": {"uv": [0, 0, 1, 1], "texture": "#missing"},
				"up": {"uv": [0, 0, 2, 1], "texture": "#2"},
				"down": {"uv": [0, 0, 2, 1], "texture": "#missing"}
			}
		},
		{
			"from": [11, 6, 12],
			"to": [12, 7, 13],
			"faces": {
				"north": {"uv": [0, 0, 1, 1], "texture": "#missing"},
				"east": {"uv": [0, 0, 1, 1], "texture": "#2"},
				"south": {"uv": [0, 0, 1, 1], "texture": "#2"},
				"west": {"uv": [0, 0, 1, 1], "texture": "#missing"},
				"up": {"uv": [0, 0, 1, 1], "texture": "#missing"},
				"down": {"uv": [0, 0, 1, 1], "texture": "#missing"}
			}
		},
		{
			"from": [9, 6, 12],
			"to": [10, 8, 13],
			"faces": {
				"north": {"uv": [0, 0, 1, 2], "texture": "#missing"},
				"east": {"uv": [0, 0, 1, 2], "texture": "#missing"},
				"south": {"uv": [0, 0, 1, 2], "texture": "#2"},
				"west": {"uv": [0, 0, 1, 2], "texture": "#missing"},
				"up": {"uv": [0, 0, 1, 1], "texture": "#2"},
				"down": {"uv": [0, 0, 1, 1], "texture": "#missing"}
			}
		},
		{
			"from": [9, 5, 12],
			"to": [12, 6, 13],
			"faces": {
				"north": {"uv": [0, 0, 3, 1], "texture": "#missing"},
				"east": {"uv": [0, 0, 1, 1], "texture": "#2"},
				"south": {"uv": [0, 0, 3, 1], "texture": "#2"},
				"west": {"uv": [0, 0, 1, 1], "texture": "#missing"},
				"up": {"uv": [0, 0, 3, 1], "texture": "#missing"},
				"down": {"uv": [0, 0, 3, 1], "texture": "#missing"}
			}
		},
		{
			"from": [5, 6, 12],
			"to": [6, 7, 13],
			"faces": {
				"north": {"uv": [0, 0, 1, 1], "texture": "#1"},
				"east": {"uv": [0, 1, 1, 2], "texture": "#1"},
				"south": {"uv": [1, 0, 2, 1], "texture": "#1"},
				"west": {"uv": [1, 1, 2, 2], "texture": "#1"},
				"up": {"uv": [1, 3, 0, 2], "texture": "#1"},
				"down": {"uv": [3, 0, 2, 1], "texture": "#1"}
			}
		},
		{
			"from": [5, 7, 12],
			"to": [7, 8, 13],
			"faces": {
				"north": {"uv": [0, 0, 2, 1], "texture": "#2"},
				"east": {"uv": [2, 1, 3, 2], "texture": "#2"},
				"south": {"uv": [0, 1, 2, 2], "texture": "#2"},
				"west": {"uv": [2, 2, 3, 3], "texture": "#2"},
				"up": {"uv": [2, 3, 0, 2], "texture": "#2"},
				"down": {"uv": [4, 0, 2, 1], "texture": "#2"}
			}
		},
		{
			"from": [6, 6, 12],
			"to": [7, 7, 13],
			"faces": {
				"north": {"uv": [0, 0, 1, 1], "texture": "#missing"},
				"east": {"uv": [0, 0, 1, 1], "texture": "#missing"},
				"south": {"uv": [0, 0, 1, 1], "texture": "#2"},
				"west": {"uv": [0, 0, 1, 1], "texture": "#missing"},
				"up": {"uv": [0, 0, 1, 1], "texture": "#missing"},
				"down": {"uv": [0, 0, 1, 1], "texture": "#missing"}
			}
		},
		{
			"from": [4, 6, 12],
			"to": [5, 8, 13],
			"faces": {
				"north": {"uv": [0, 0, 1, 2], "texture": "#missing"},
				"east": {"uv": [0, 0, 1, 2], "texture": "#missing"},
				"south": {"uv": [0, 0, 1, 1], "texture": "#2"},
				"west": {"uv": [0, 0, 1, 2], "texture": "#2"},
				"up": {"uv": [0, 0, 1, 1], "texture": "#2"},
				"down": {"uv": [4, 0, 5, 1], "texture": "#missing"}
			}
		},
		{
			"from": [4, 5, 12],
			"to": [7, 6, 13],
			"faces": {
				"north": {"uv": [0, 0, 3, 1], "texture": "#missing"},
				"east": {"uv": [0, 0, 1, 1], "texture": "#missing"},
				"south": {"uv": [0, 0, 3, 1], "texture": "#2"},
				"west": {"uv": [0, 0, 1, 1], "texture": "#2"},
				"up": {"uv": [0, 0, 3, 1], "texture": "#missing"},
				"down": {"uv": [0, 0, 3, 1], "texture": "#missing"}
			}
		},
		{
			"from": [10, 6, 12],
			"to": [11, 7, 13],
			"faces": {
				"north": {"uv": [0, 0, 1, 1], "texture": "#missing"},
				"east": {"uv": [0, 0, 1, 1], "texture": "#missing"},
				"south": {"uv": [0, 0, 1, 1], "texture": "#1"},
				"west": {"uv": [0, 0, 1, 1], "texture": "#missing"},
				"up": {"uv": [0, 0, 1, 1], "texture": "#missing"},
				"down": {"uv": [0, 0, 1, 1], "texture": "#missing"}
			}
		},
		{
			"from": [6, 2, 12],
			"to": [11, 3, 13],
			"faces": {
				"north": {"uv": [0, 0, 5, 1], "texture": "#missing"},
				"east": {"uv": [0, 0, 1, 1], "texture": "#1"},
				"south": {"uv": [0, 0, 2, 1], "texture": "#1"},
				"west": {"uv": [0, 0, 1, 1], "texture": "#1"},
				"up": {"uv": [0, 0, 5, 1], "texture": "#missing"},
				"down": {"uv": [0, 0, 5, 1], "texture": "#missing"}
			}
		}
	],
	"display": {
		"thirdperson_righthand": {
			"translation": [0, 4, 0],
			"scale": [0.5, 0.5, 0.5]
		},
		"thirdperson_lefthand": {
			"translation": [0, 4, 0],
			"scale": [0.5, 0.5, 0.5]
		},
		"firstperson_righthand": {
			"rotation": [-31, 0, 0],
			"translation": [-1, 4.75, 0],
			"scale": [0.5, 0.5, 0.5]
		},
		"firstperson_lefthand": {
			"rotation": [-31, 0, 0],
			"translation": [-1, 4.75, 0],
			"scale": [0.5, 0.5, 0.5]
		},
		"ground": {
			"translation": [0, 6.75, 0]
		},
		"gui": {
			"rotation": [-15, 24, 0],
			"translation": [-0.25, 3.75, 0]
		},
		"head": {
			"rotation": [0, -180, 0],
			"translation": [0, 7.75, 1.75],
			"scale": [1.75, 1.75, 1.75]
		},
		"fixed": {
			"rotation": [-90, 0, 0],
			"translation": [0, -1.5, -14.75],
			"scale": [1.75, 1.75, 1.75]
		}
	},
	"groups": [
		{
			"name": "aboba",
			"origin": [0, 0, 0],
			"color": 0,
			"children": [0, 1, 2, 3, 4, 5, 6]
		},
		{
			"name": "eye1",
			"origin": [0, 0, 0],
			"color": 0,
			"children": [7, 8, 9, 10, 11]
		},
		{
			"name": "eye2",
			"origin": [0, 0, 0],
			"color": 0,
			"children": [12, 13, 14, 15, 16]
		},
		{
			"name": "mth",
			"origin": [8, 8, 8],
			"color": 0,
			"children": [17]
		}
	]
}