{
	"credit": "Made by DT 2022",
	"textures": {
		"0": "optifine/cit/model/smoke/white",
		"1": "optifine/cit/model/smoke/orange",
		"2": "optifine/cit/model/smoke/gray",
		"particle": "optifine/cit/model/smoke/white"
	},
	"elements": [
		{
			"from": [3, 0, 7],
			"to": [4, 1, 8],
			"faces": {
				"north": {"uv": [0, 0, 1, 1], "texture": "#1"},
				"east": {"uv": [0, 1, 1, 2], "texture": "#1"},
				"south": {"uv": [1, 0, 2, 1], "texture": "#1"},
				"west": {"uv": [1, 1, 2, 2], "texture": "#1"},
				"up": {"uv": [1, 3, 0, 2], "texture": "#1"},
				"down": {"uv": [3, 0, 2, 1], "texture": "#1"}
			}
		},
		{
			"from": [4, 0, 7],
			"to": [6, 1, 8],
			"faces": {
				"north": {"uv": [0, 0, 2, 1], "texture": "#0"},
				"east": {"uv": [2, 1, 3, 2], "texture": "#0"},
				"south": {"uv": [0, 1, 2, 2], "texture": "#0"},
				"west": {"uv": [2, 2, 3, 3], "texture": "#0"},
				"up": {"uv": [2, 3, 0, 2], "texture": "#0"},
				"down": {"uv": [4, 0, 2, 1], "texture": "#0"}
			}
		},
		{
			"from": [6, 0, 7],
			"to": [7, 1, 8],
			"faces": {
				"north": {"uv": [0, 0, 1, 1], "texture": "#2"},
				"east": {"uv": [0, 1, 1, 2], "texture": "#2"},
				"south": {"uv": [1, 0, 2, 1], "texture": "#2"},
				"west": {"uv": [1, 1, 2, 2], "texture": "#2"},
				"up": {"uv": [1, 3, 0, 2], "texture": "#2"},
				"down": {"uv": [3, 0, 2, 1], "texture": "#2"}
			}
		}
	],
	"display": {
		"thirdperson_righthand": {
			"rotation": [0, 0, 90],
			"translation": [-7.25, 2.5, 0]
		},
		"thirdperson_lefthand": {
			"rotation": [0, 0, -90],
			"translation": [7.25, 2.5, 0]
		},
		"firstperson_righthand": {
			"rotation": [0, 90, 0],
			"translation": [-1.25, 10, -0.25]
		},
		"firstperson_lefthand": {
			"rotation": [0, -90, 0],
			"translation": [-1.25, 10, -0.25]
		},
		"ground": {
			"translation": [0, 6.25, 0]
		},
		"gui": {
			"rotation": [33, 49, 0],
			"translation": [3, 9.75, 0],
			"scale": [1.5, 1.5, 1.5]
		},
		"head": {
			"rotation": [0, 90, 0],
			"translation": [2.5, 5.25, -10.75]
		},
		"fixed": {
			"rotation": [0, 0, 18],
			"translation": [0.75, 12, 0],
			"scale": [1.5, 1.5, 1.5]
		}
	},
	"groups": [
		{
			"name": "smoke",
			"origin": [8, 8, 8],
			"color": 0,
			"children": [0, 1, 2]
		}
	]
}