{
	"credit": "Made by DT 2022",
	"textures": {
		"0": "optifine/cit/model/gay/red",
		"1": "optifine/cit/model/gay/blue",
		"2": "optifine/cit/model/gay/green",
		"particle": "optifine/cit/model/gay/red"
	},
	"elements": [
		{
			"from": [15, 3, 7],
			"to": [16, 8, 8],
			"faces": {
				"north": {"uv": [0, 0, 1, 5], "texture": "#2"},
				"east": {"uv": [1, 0, 2, 5], "texture": "#2"},
				"south": {"uv": [2, 0, 3, 5], "texture": "#2"},
				"west": {"uv": [3, 0, 4, 5], "texture": "#2"},
				"up": {"uv": [5, 1, 4, 0], "texture": "#2"},
				"down": {"uv": [5, 1, 4, 2], "texture": "#2"}
			}
		},
		{
			"from": [13, 7, 7],
			"to": [15, 8, 8],
			"faces": {
				"north": {"uv": [0, 0, 2, 1], "texture": "#2"},
				"east": {"uv": [0, 0, 1, 1], "texture": "#2"},
				"south": {"uv": [0, 0, 2, 1], "texture": "#2"},
				"west": {"uv": [0, 0, 1, 1], "texture": "#2"},
				"up": {"uv": [0, 0, 2, 1], "texture": "#2"},
				"down": {"uv": [0, 0, 2, 1], "texture": "#2"}
			}
		},
		{
			"from": [11, 3, 7],
			"to": [12, 8, 8],
			"faces": {
				"north": {"uv": [0, 0, 1, 5], "texture": "#1"},
				"east": {"uv": [1, 0, 2, 5], "texture": "#1"},
				"south": {"uv": [2, 0, 3, 5], "texture": "#1"},
				"west": {"uv": [3, 0, 4, 5], "texture": "#1"},
				"up": {"uv": [5, 1, 4, 0], "texture": "#1"},
				"down": {"uv": [5, 1, 4, 2], "texture": "#1"}
			}
		},
		{
			"from": [9, 3, 7],
			"to": [11, 4, 8],
			"faces": {
				"north": {"uv": [0, 0, 2, 1], "texture": "#1"},
				"east": {"uv": [0, 0, 1, 1], "texture": "#1"},
				"south": {"uv": [0, 0, 2, 1], "texture": "#1"},
				"west": {"uv": [0, 0, 1, 1], "texture": "#1"},
				"up": {"uv": [0, 0, 2, 1], "texture": "#1"},
				"down": {"uv": [0, 0, 2, 1], "texture": "#1"}
			}
		},
		{
			"from": [9, 5, 7],
			"to": [11, 6, 8],
			"faces": {
				"north": {"uv": [0, 0, 2, 1], "texture": "#1"},
				"east": {"uv": [0, 0, 1, 1], "texture": "#1"},
				"south": {"uv": [0, 0, 2, 1], "texture": "#1"},
				"west": {"uv": [0, 0, 1, 1], "texture": "#1"},
				"up": {"uv": [0, 0, 2, 1], "texture": "#1"},
				"down": {"uv": [0, 0, 2, 1], "texture": "#1"}
			}
		},
		{
			"from": [9, 7, 7],
			"to": [11, 8, 8],
			"faces": {
				"north": {"uv": [0, 0, 2, 1], "texture": "#1"},
				"east": {"uv": [0, 0, 1, 1], "texture": "#1"},
				"south": {"uv": [0, 0, 2, 1], "texture": "#1"},
				"west": {"uv": [0, 0, 1, 1], "texture": "#1"},
				"up": {"uv": [0, 0, 2, 1], "texture": "#1"},
				"down": {"uv": [0, 0, 2, 1], "texture": "#1"}
			}
		},
		{
			"from": [7, 3, 7],
			"to": [8, 8, 8],
			"faces": {
				"north": {"uv": [0, 0, 1, 5], "texture": "#0"},
				"east": {"uv": [1, 0, 2, 5], "texture": "#0"},
				"south": {"uv": [2, 0, 3, 5], "texture": "#0"},
				"west": {"uv": [3, 0, 4, 5], "texture": "#0"},
				"up": {"uv": [5, 1, 4, 0], "texture": "#0"},
				"down": {"uv": [5, 1, 4, 2], "texture": "#0"}
			}
		},
		{
			"from": [4, 3, 7],
			"to": [5, 8, 8],
			"faces": {
				"north": {"uv": [0, 0, 1, 5], "texture": "#0"},
				"east": {"uv": [0, 0, 1, 5], "texture": "#0"},
				"south": {"uv": [0, 0, 1, 5], "texture": "#0"},
				"west": {"uv": [0, 0, 1, 5], "texture": "#0"},
				"up": {"uv": [0, 0, 1, 1], "texture": "#0"},
				"down": {"uv": [0, 0, 1, 1], "texture": "#0"}
			}
		},
		{
			"from": [6, 5, 7],
			"to": [7, 6, 8],
			"faces": {
				"north": {"uv": [0, 0, 1, 1], "texture": "#0"},
				"east": {"uv": [0, 0, 1, 1], "texture": "#missing"},
				"south": {"uv": [0, 0, 1, 1], "texture": "#0"},
				"west": {"uv": [0, 0, 1, 1], "texture": "#0"},
				"up": {"uv": [0, 0, 1, 1], "texture": "#0"},
				"down": {"uv": [0, 0, 1, 1], "texture": "#0"}
			}
		},
		{
			"from": [5, 6, 7],
			"to": [6, 7, 8],
			"faces": {
				"north": {"uv": [0, 0, 1, 1], "texture": "#0"},
				"east": {"uv": [0, 0, 1, 1], "texture": "#0"},
				"south": {"uv": [0, 0, 1, 1], "texture": "#0"},
				"west": {"uv": [0, 0, 1, 1], "texture": "#missing"},
				"up": {"uv": [0, 0, 1, 1], "texture": "#0"},
				"down": {"uv": [0, 0, 1, 1], "texture": "#0"}
			}
		},
		{
			"from": [5, 9, 7],
			"to": [7, 10, 8],
			"faces": {
				"north": {"uv": [0, 0, 2, 1], "texture": "#0"},
				"east": {"uv": [0, 0, 1, 1], "texture": "#0"},
				"south": {"uv": [0, 0, 2, 1], "texture": "#0"},
				"west": {"uv": [0, 0, 1, 1], "texture": "#0"},
				"up": {"uv": [0, 0, 2, 1], "texture": "#0"},
				"down": {"uv": [0, 0, 2, 1], "texture": "#0"}
			}
		},
		{
			"from": [9, 0, 7],
			"to": [10, 1, 8],
			"faces": {
				"north": {"uv": [0, 0, 1, 1], "texture": "#1"},
				"east": {"uv": [0, 0, 1, 1], "texture": "#1"},
				"south": {"uv": [0, 0, 1, 1], "texture": "#1"},
				"west": {"uv": [0, 0, 1, 1], "texture": "#1"},
				"up": {"uv": [0, 0, 1, 1], "texture": "#1"},
				"down": {"uv": [0, 0, 1, 1], "texture": "#1"}
			}
		},
		{
			"from": [8, 1, 7],
			"to": [9, 2, 8],
			"faces": {
				"north": {"uv": [0, 0, 1, 1], "texture": "#1"},
				"east": {"uv": [0, 0, 1, 1], "texture": "#1"},
				"south": {"uv": [0, 0, 1, 1], "texture": "#1"},
				"west": {"uv": [0, 0, 1, 1], "texture": "#1"},
				"up": {"uv": [0, 0, 1, 1], "texture": "#1"},
				"down": {"uv": [0, 0, 1, 1], "texture": "#1"}
			}
		},
		{
			"from": [10, 1, 7],
			"to": [11, 2, 8],
			"faces": {
				"north": {"uv": [0, 0, 1, 1], "texture": "#1"},
				"east": {"uv": [0, 0, 1, 1], "texture": "#1"},
				"south": {"uv": [0, 0, 1, 1], "texture": "#1"},
				"west": {"uv": [0, 0, 1, 1], "texture": "#1"},
				"up": {"uv": [0, 0, 1, 1], "texture": "#1"},
				"down": {"uv": [0, 0, 1, 1], "texture": "#1"}
			}
		}
	],
	"display": {
		"firstperson_righthand": {
			"rotation": [0, -180, 0],
			"translation": [0.75, 5.75, 0]
		},
		"firstperson_lefthand": {
			"rotation": [0, -180, 0],
			"translation": [-3.25, 5.75, 0]
		},
		"ground": {
			"translation": [0, 8, 0]
		},
		"head": {
			"translation": [-3, 21.25, 0],
			"scale": [1.8, 1.8, 1.8]
		},
		"fixed": {
			"translation": [-5.75, 11.25, 0],
			"scale": [4, 4, 4]
		}
	},
	"groups": [
		{
			"name": "gay",
			"origin": [8, 8, 8],
			"color": 0,
			"children": [0, 1, 2, 3, 4, 5, 6, 7, 8, 9, 10, 11, 12, 13]
		}
	]
}